{
	"credit": "Made with Blockbench",
	"texture_size": [256, 256],
	"textures": {
		"0": "item/reaper/reaper"
	},
	"elements": [
		{
			"from": [8.2226, 17.14794, 5.35332],
			"to": [8.9531, 17.53419, 6.85332],
			"rotation": {"angle": 0, "axis": "x", "origin": [8.58663, 15.17941, 5.54238]},
			"faces": {
				"north": {"uv": [3.625, 8.3125, 3.5625, 8.375], "rotation": 180, "texture": "#0"},
				"east": {"uv": [1.625, 8.1875, 1.6875, 8.3125], "rotation": 270, "texture": "#0"},
				"south": {"uv": [8.375, 3.5625, 8.3125, 3.5], "texture": "#0"},
				"west": {"uv": [1.6875, 8.1875, 1.75, 8.3125], "rotation": 90, "texture": "#0"},
				"up": {"uv": [1.5625, 8.1875, 1.625, 8.3125], "rotation": 180, "texture": "#0"},
				"down": {"uv": [8.1875, 1.625, 8.25, 1.75], "texture": "#0"}
			}
		},
		{
			"from": [7.6601, -10.42581, 9.48207],
			"to": [9.5156, -8.16456, 11.36082],
			"rotation": {"angle": 0, "axis": "x", "origin": [8.58663, 15.17941, 5.54238]},
			"faces": {
				"north": {"uv": [1.0625, 8.1875, 1, 8.3125], "rotation": 180, "texture": "#0"},
				"east": {"uv": [7.8125, 2.8125, 7.9375, 2.9375], "rotation": 270, "texture": "#0"},
				"south": {"uv": [8.25, 1.0625, 8.1875, 0.9375], "texture": "#0"},
				"west": {"uv": [3.5625, 7.8125, 3.6875, 7.9375], "rotation": 90, "texture": "#0"},
				"up": {"uv": [0.875, 8.1875, 0.9375, 8.3125], "rotation": 180, "texture": "#0"},
				"down": {"uv": [0.9375, 8.1875, 1, 8.3125], "texture": "#0"}
			}
		},
		{
			"from": [7.8476, -8.72706, 8.54082],
			"to": [9.3476, -4.59081, 10.04457],
			"rotation": {"angle": 0, "axis": "x", "origin": [8.58663, 15.17941, 5.54238]},
			"faces": {
				"north": {"uv": [7.3125, 3.375, 7.625, 3.5], "rotation": 180, "texture": "#0"},
				"east": {"uv": [7.3125, 3.375, 7.625, 3.5], "rotation": 270, "texture": "#0"},
				"south": {"uv": [7.3125, 3.375, 7.625, 3.5], "texture": "#0"},
				"west": {"uv": [7.3125, 3.5, 7.625, 3.625], "rotation": 90, "texture": "#0"},
				"up": {"uv": [7.3125, 3.375, 7.625, 3.5], "rotation": 180, "texture": "#0"},
				"down": {"uv": [7.3125, 3.375, 7.625, 3.5], "texture": "#0"}
			}
		},
		{
			"from": [7.8476, -5.91456, 7.22457],
			"to": [9.3281, 0.09669, 9.10332],
			"rotation": {"angle": 0, "axis": "x", "origin": [8.58663, 15.17941, 5.54238]},
			"faces": {
				"north": {"uv": [7.125, 6.6875, 7, 7.1875], "rotation": 180, "texture": "#0"},
				"east": {"uv": [6.5625, 2.625, 7.0625, 2.8125], "rotation": 270, "texture": "#0"},
				"south": {"uv": [7.125, 6.6875, 7, 6.1875], "texture": "#0"},
				"west": {"uv": [6.5625, 3.375, 7.0625, 3.5625], "rotation": 90, "texture": "#0"},
				"up": {"uv": [7.75, 0.9375, 7.875, 1.125], "rotation": 180, "texture": "#0"},
				"down": {"uv": [7.75, 1.125, 7.875, 1.3125], "texture": "#0"}
			}
		},
		{
			"from": [8.0351, -5.53956, 7.59957],
			"to": [9.1406, 19.97169, 8.72832],
			"rotation": {"angle": 0, "axis": "x", "origin": [8.58663, 15.17941, 5.54238]},
			"faces": {
				"north": {"uv": [2.6875, 6.0625, 2.625, 8.1875], "rotation": 180, "texture": "#0"},
				"east": {"uv": [5.3125, 3.6875, 7.4375, 3.8125], "rotation": 270, "texture": "#0"},
				"south": {"uv": [1.875, 8, 1.8125, 5.875], "texture": "#0"},
				"west": {"uv": [5.3125, 3.8125, 7.4375, 3.9375], "rotation": 90, "texture": "#0"},
				"up": {"uv": [0.1875, 8.1875, 0.25, 8.3125], "rotation": 180, "texture": "#0"},
				"down": {"uv": [0.625, 8.1875, 0.6875, 8.3125], "texture": "#0"}
			}
		},
		{
			"from": [8.4851, 9.99703, 13.82519],
			"to": [8.6906, 11.87578, 15.33644],
			"rotation": {"angle": -22.5, "axis": "x", "origin": [8.58663, 15.17941, 5.54238]},
			"faces": {
				"north": {"uv": [5.25, 8, 5.1875, 8.1875], "rotation": 180, "texture": "#0"},
				"east": {"uv": [7.625, 7.625, 7.8125, 7.75], "rotation": 270, "texture": "#0"},
				"south": {"uv": [5.1875, 8.1875, 5.125, 8], "texture": "#0"},
				"west": {"uv": [7.6875, 0, 7.875, 0.125], "rotation": 90, "texture": "#0"},
				"up": {"uv": [1.1875, 8.1875, 1.25, 8.3125], "rotation": 180, "texture": "#0"},
				"down": {"uv": [1.3125, 8.1875, 1.375, 8.3125], "texture": "#0"}
			}
		},
		{
			"from": [8.4101, 18.35088, 11.46168],
			"to": [8.7656, 20.61213, 14.84043],
			"rotation": {"angle": 22.5, "axis": "x", "origin": [8.58663, 15.17941, 5.54238]},
			"faces": {
				"north": {"uv": [4.75, 8, 4.6875, 8.1875], "rotation": 180, "texture": "#0"},
				"east": {"uv": [7.125, 3.375, 7.3125, 3.6875], "rotation": 270, "texture": "#0"},
				"south": {"uv": [4.6875, 8.1875, 4.625, 8], "texture": "#0"},
				"west": {"uv": [7.1875, 0.375, 7.375, 0.6875], "rotation": 90, "texture": "#0"},
				"up": {"uv": [7.75, 2.625, 7.8125, 2.9375], "rotation": 180, "texture": "#0"},
				"down": {"uv": [7.75, 3.6875, 7.8125, 4], "texture": "#0"}
			}
		},
		{
			"from": [8.2226, 19.19832, 7.20129],
			"to": [8.9531, 21.45957, 12.08004],
			"rotation": {"angle": 22.5, "axis": "x", "origin": [8.58663, 15.17941, 5.54238]},
			"faces": {
				"north": {"uv": [4.625, 8, 4.5625, 8.1875], "rotation": 180, "texture": "#0"},
				"east": {"uv": [6.6875, 6.5, 6.875, 6.9375], "rotation": 270, "texture": "#0"},
				"south": {"uv": [4.5625, 8.1875, 4.5, 8], "texture": "#0"},
				"west": {"uv": [6.75, 0.375, 6.9375, 0.8125], "rotation": 90, "texture": "#0"},
				"up": {"uv": [2.9375, 7.5625, 3, 8], "rotation": 180, "texture": "#0"},
				"down": {"uv": [3, 7.5625, 3.0625, 8], "texture": "#0"}
			}
		},
		{
			"from": [8.2226, 20.21642, 11.90697],
			"to": [8.9531, 21.35267, 13.97322],
			"rotation": {"angle": 0, "axis": "x", "origin": [8.58663, 15.17941, 5.54238]},
			"faces": {
				"north": {"uv": [8.25, 1.5, 8.1875, 1.625], "rotation": 180, "texture": "#0"},
				"east": {"uv": [0.0625, 7.6875, 0.1875, 7.875], "rotation": 270, "texture": "#0"},
				"south": {"uv": [1.5625, 8.3125, 1.5, 8.1875], "texture": "#0"},
				"west": {"uv": [7.6875, 0.125, 7.8125, 0.3125], "rotation": 90, "texture": "#0"},
				"up": {"uv": [5.25, 8, 5.3125, 8.1875], "rotation": 180, "texture": "#0"},
				"down": {"uv": [5.375, 8, 5.4375, 8.1875], "texture": "#0"}
			}
		},
		{
			"from": [8.2226, 16.74838, 11.15615],
			"to": [8.9531, 18.44713, 13.7849],
			"rotation": {"angle": -22.5, "axis": "x", "origin": [8.58663, 15.17941, 5.54238]},
			"faces": {
				"north": {"uv": [1.5, 8.1875, 1.4375, 8.3125], "rotation": 180, "texture": "#0"},
				"east": {"uv": [5, 7.5, 5.125, 7.75], "rotation": 270, "texture": "#0"},
				"south": {"uv": [1.4375, 8.3125, 1.375, 8.1875], "texture": "#0"},
				"west": {"uv": [5.125, 7.5, 5.25, 7.75], "rotation": 90, "texture": "#0"},
				"up": {"uv": [3.6875, 7.8125, 3.75, 8.0625], "rotation": 180, "texture": "#0"},
				"down": {"uv": [7.8125, 3.6875, 7.875, 3.9375], "texture": "#0"}
			}
		},
		{
			"from": [7.8476, 12.08544, 7.22457],
			"to": [9.3281, 18.09669, 9.10332],
			"rotation": {"angle": 0, "axis": "x", "origin": [8.58663, 15.17941, 5.54238]},
			"faces": {
				"north": {"uv": [5.375, 7, 5.25, 7.5], "rotation": 180, "texture": "#0"},
				"east": {"uv": [6.0625, 3.5, 6.5625, 3.6875], "rotation": 270, "texture": "#0"},
				"south": {"uv": [5.25, 7.5, 5.125, 7], "texture": "#0"},
				"west": {"uv": [6.5, 0.9375, 7, 1.125], "rotation": 90, "texture": "#0"},
				"up": {"uv": [7.6875, 4.8125, 7.8125, 5], "rotation": 180, "texture": "#0"},
				"down": {"uv": [7.6875, 5, 7.8125, 5.1875], "texture": "#0"}
			}
		},
		{
			"from": [9.5156, 18.83544, 7.59957],
			"to": [9.8711, 19.59669, 8.72832],
			"rotation": {"angle": 0, "axis": "x", "origin": [8.58663, 15.17941, 5.54238]},
			"faces": {
				"north": {"uv": [3.875, 8.3125, 3.8125, 8.375], "rotation": 180, "texture": "#0"},
				"east": {"uv": [2, 8.1875, 2.0625, 8.3125], "rotation": 270, "texture": "#0"},
				"south": {"uv": [8.375, 3.8125, 8.3125, 3.75], "texture": "#0"},
				"west": {"uv": [2.125, 8.1875, 2.1875, 8.3125], "rotation": 90, "texture": "#0"},
				"up": {"uv": [1.9375, 8.1875, 2, 8.3125], "rotation": 180, "texture": "#0"},
				"down": {"uv": [2.0625, 8.1875, 2.125, 8.3125],