{"textures":{"0":"modelengine:entity/reaper"},"elements":[{"name":"cube","from":[8.0,8.9045,6.325],"to":[10.412001,9.7085,9.742001],"rotation":{"angle":0.0,"axis":"x","origin":[3.1759999,8.402001,7.799]},"faces":{"down":{"uv":[6.8125,0.0,6.5625,0.375],"rotation":0,"texture":"#0","tintindex":0},"east":{"uv":[7.5625,5.4375,7.9375,5.5],"rotation":0,"texture":"#0","tintindex":0},"north":{"uv":[7.75,4.125,8.0,4.1875],"rotation":0,"texture":"#0","tintindex":0},"south":{"uv":[7.75,4.1875,8.0,4.25],"rotation":0,"texture":"#0","tintindex":0},"up":{"uv":[6.3125,6.875,6.0625,6.5],"rotation":0,"texture":"#0","tintindex":0},"west":{"uv":[7.5625,6.0,7.9375,6.0625],"rotation":0,"texture":"#0","tintindex":0}}},{"name":"cube","from":[8.0,-1.3464999,9.541],"to":[10.412001,8.9045,10.5460005],"rotation":{"angle":0.0,"axis":"x","origin":[3.1759999,8.402001,7.799]},"faces":{"down":{"uv":[7.75,1.3125,7.5,1.4375],"rotation":0,"texture":"#0","tintindex":0},"east":{"uv":[0.0,6.1875,0.125,7.25],"rotation":0,"texture":"#0","tintindex":0},"north":{"uv":[5.3125,1.5625,5.5625,2.625],"rotation":0,"texture":"#0","tintindex":0},"south":{"uv":[5.3125,2.625,5.5625,3.6875],"rotation":0,"texture":"#0","tintindex":0},"up":{"uv":[7.75,1.3125,7.5,1.1875],"rotation":0,"texture":"#0","tintindex":0},"west":{"uv":[0.125,6.1875,0.25,7.25],"rotation":0,"texture":"#0","tintindex":0}}},{"name":"cube","from":[10.412001,-1.3464999,6.325],"to":[11.216,8.9045,9.742001],"rotation":{"angle":0.0,"axis":"x","origin":[3.1759999,8.402001,7.799]},"faces":{"down":{"uv":[3.1875,7.625,3.125,8.0],"rotation":0,"texture":"#0","tintindex":0},"east":{"uv":[3.4375,4.8125,3.8125,5.875],"rotation":0,"texture":"#0","tintindex":0},"north":{"uv":[4.8125,6.875,4.875,7.9375],"rotation":0,"texture":"#0","tintindex":0},"south":{"uv":[6.0625,6.875,6.125,7.9375],"rotation":0,"texture":"#0","tintindex":0},"up":{"uv":[3.125,8.0,3.0625,7.625],"rotation":0,"texture":"#0","tintindex":0},"west":{"uv":[3.8125,4.8125,4.1875,5.875],"rotation":0,"texture":"#0","tintindex":0}}},{"name":"cube","from":[8.0,2.6735005,5.521],"to":[10.412001,8.9045,6.526],"rotation":{"angle":0.0,"axis":"x","origin":[3.1759999,8.402001,7.799]},"faces":{"down":{"uv":[7.75,1.0625,7.5,1.1875],"rotation":0,"texture":"#0","tintindex":0},"east":{"uv":[6.75,4.375,6.875,5.0],"rotation":0,"texture":"#0","tintindex":0},"north":{"uv":[1.3125,5.875,1.5625,6.5],"rotation":0,"texture":"#0","tintindex":0},"south":{"uv":[1.5625,5.875,1.8125,6.5],"rotation":0,"texture":"#0","tintindex":0},"up":{"uv":[7.75,1.0625,7.5,0.9375],"rotation":0,"texture":"#0","tintindex":0},"west":{"uv":[5.8125,6.75,5.9375,7.375],"rotation":0,"texture":"#0","tintindex":0}}},{"name":"cube","from":[8.0,-1.3464999,6.325],"to":[10.412001,8.9045,9.742001],"rotation":{"angle":0.0,"axis":"x","origin":[3.1759999,8.402001,7.799]},"faces":{"down":{"uv":[6.75,4.75,6.5,5.125],"rotation":0,"texture":"#0","tintindex":0},"east":{"uv":[4.5625,3.6875,4.9375,4.75],"rotation":0,"texture":"#0","tintindex":0},"north":{"uv":[2.4375,5.0,2.6875,6.0625],"rotation":0,"texture":"#0","tintindex":0},"south":{"uv":[5.3125,0.5,5.5625,1.5625],"rotation":0,"texture":"#0","tintindex":0},"up":{"uv":[4.875,6.875,4.625,6.5],"rotation":0,"texture":"#0","tintindex":0},"west":{"uv":[4.5625,4.75,4.9375,5.8125],"rotation":0,"texture":"#0","tintindex":0}}}],"display":{"head":{"translation":[0.0,-6.4,0.0],"rotation":[0.0,0.0,0.0],"scale":[3.8095,3.8095,3.8095]}}}