{"textures":{"0":"modelengine:entity/reaper"},"elements":[{"name":"cube","from":[8.1206,-0.34150052,12.547625],"to":[8.1206,1.4675004,14.155625],"rotation":{"angle":0.0,"axis":"x","origin":[14.03,17.648003,7.388625]},"faces":{"down":{"uv":[0.0,0.0,0.0,0.1875],"rotation":0,"texture":"#0","tintindex":0},"east":{"uv":[7.4375,4.25,7.625,4.4375],"rotation":0,"texture":"#0","tintindex":0},"north":{"uv":[0.0,0.0,0.0,0.1875],"rotation":0,"texture":"#0","tintindex":0},"south":{"uv":[0.0,0.0,0.0,0.1875],"rotation":0,"texture":"#0","tintindex":0},"up":{"uv":[0.0,0.1875,0.0,0.0],"rotation":0,"texture":"#0","tintindex":0},"west":{"uv":[7.4375,6.125,7.625,6.3125],"rotation":0,"texture":"#0","tintindex":0}}},{"name":"cube","from":[7.598,3.8795009,10.939625],"to":[8.603001,4.6835,12.547625],"rotation":{"angle":0.0,"axis":"x","origin":[14.03,17.648003,7.388625]},"faces":{"down":{"uv":[7.75,5.5625,7.625,5.75],"rotation":0,"texture":"#0","tintindex":0},"east":{"uv":[8.0,0.3125,8.1875,0.375],"rotation":0,"texture":"#0","tintindex":0},"north":{"uv":[8.125,6.8125,8.25,6.875],"rotation":0,"texture":"#0","tintindex":0},"south":{"uv":[8.125,6.875,8.25,6.9375],"rotation":0,"texture":"#0","tintindex":0},"up":{"uv":[7.75,4.4375,7.625,4.25],"rotation":0,"texture":"#0","tintindex":0},"west":{"uv":[0.375,8.0,0.5625,8.0625],"rotation":0,"texture":"#0","tintindex":0}}},{"name":"cube","from":[7.799,-0.34150052,10.939625],"to":[8.402,3.8795009,12.547625],"rotation":{"angle":0.0,"axis":"x","origin":[14.03,17.648003,7.388625]},"faces":{"down":{"uv":[0.6875,8.0,0.625,8.1875],"rotation":0,"texture":"#0","tintindex":0},"east":{"uv":[6.6875,1.125,6.875,1.5625],"rotation":0,"texture":"#0","tintindex":0},"north":{"uv":[7.4375,7.5,7.5,7.9375],"rotation":0,"texture":"#0","tintindex":0},"south":{"uv":[7.5,7.5,7.5625,7.9375],"rotation":0,"texture":"#0","tintindex":0},"up":{"uv":[0.625,8.1875,0.5625,8.0],"rotation":0,"texture":"#0","tintindex":0},"west":{"uv":[6.6875,1.5625,6.875,2.0],"rotation":0,"texture":"#0","tintindex":0}}},{"name":"cube","from":[6.995,3.8795009,9.331625],"to":[9.005,7.0955,10.939625],"rotation":{"angle":0.0,"axis":"x","origin":[14.03,17.648003,7.388625]},"faces":{"down":{"uv":[7.125,7.4375,6.9375,7.625],"rotation":0,"texture":"#0","tintindex":0},"east":{"uv":[7.0625,2.9375,7.25,3.25],"rotation":0,"texture":"#0","tintindex":0},"north":{"uv":[2.875,7.0625,3.0625,7.375],"rotation":0,"texture":"#0","tintindex":0},"south":{"uv":[7.0625,4.9375,7.25,5.25],"rotation":0,"texture":"#0","tintindex":0},"up":{"uv":[7.625,6.5,7.4375,6.3125],"rotation":0,"texture":"#0","tintindex":0},"west":{"uv":[7.0625,5.25,7.25,5.5625],"rotation":0,"texture":"#0","tintindex":0}}},{"name":"cube","from":[7.397,-0.34150052,9.331625],"to":[8.804,3.8795009,10.939625],"rotation":{"angle":0.0,"axis":"x","origin":[14.03,17.648003,7.388625]},"faces":{"down":{"uv":[7.75,6.3125,7.625,6.5],"rotation":0,"texture":"#0","tintindex":0},"east":{"uv":[6.6875,2.8125,6.875,3.25],"rotation":0,"texture":"#0","tintindex":0},"north":{"uv":[3.5625,7.1875,3.6875,7.625],"rotation":0,"texture":"#0","tintindex":0},"south":{"uv":[3.6875,7.1875,3.8125,7.625],"rotation":0,"texture":"#0","tintindex":0},"up":{"uv":[7.75,6.3125,7.625,6.125],"rotation":0,"texture":"#0","tintindex":0},"west":{"uv":[6.6875,3.9375,6.875,4.375],"rotation":0,"texture":"#0","tintindex":0}}},{"name":"cube","from":[6.7939997,3.8795009,6.718625],"to":[9.206,7.8995004,9.331625],"rotation":{"angle":0.0,"axis":"x","origin":[14.03,17.648003,7.388625]},"faces":{"down":{"uv":[7.1875,2.375,6.9375,2.625],"rotation":0,"texture":"#0","tintindex":0},"east":{"uv":[6.4375,3.9375,6.6875,4.375],"rotation":0,"texture":"#0","tintindex":0},"north":{"uv":[6.4375,2.9375,6.6875,3.375],"rotation":0,"texture":"#0","tintindex":0},"south":{"uv":[6.4375,5.1875,6.6875,5.625],"rotation":0,"texture":"#0","tintindex":0},"up":{"uv":[7.1875,2.375,6.9375,2.125],"rotation":0,"texture":"#0","tintindex":0},"west":{"uv":[6.4375,6.1875,6.6875,6.625],"rotation":0,"texture":"#0","tintindex":0}}},{"name":"cube","from":[7.196,-0.34150052,6.718625],"to":[9.206,3.8795009,9.331625],"rotation":{"angle":0.0,"axis":"x","origin":[14.03,17.648003,7.388625]},"faces":{"down":{"uv":[7.4375,0.9375,7.25,1.1875],"rotation":0,"texture":"#0","tintindex":0},"east":{"uv":[6.5,0.5,6.75,0.9375],"rotation":0,"texture":"#0","tintindex":0},"north":{"uv":[6.6875,5.125,6.875,5.5625],"rotation":0,"texture":"#0","tintindex":0},"south":{"uv":[6.6875,6.0625,6.875,6.5],"rotation":0,"texture":"#0","tintindex":0},"up":{"uv":[0.75,7.5,0.5625,7.25],"rotation":0,"texture":"#0","tintindex":0},"west":{"uv":[1.3125,6.5,1.5625,6.9375],"rotation":0,"texture":"#0","tintindex":0}}},{"name":"cube","from":[7.598,-1.1455002,6.718625],"to":[8.804,-0.34150052,7.321625],"rotation":{"angle":-22.5,"axis":"y","origin":[8.201,-0.91100025,7.522625]},"faces":{"down":{"uv":[7.3125,8.125,7.1875,8.1875],"rotation":0,"texture":"#0","tintindex":0},"east":{"uv":[8.3125,2.1875,8.375,2.25],"rotation":0,"texture":"#0","tintindex":0},"north":{"uv":[8.125,6.9375,8.25,7.0],"rotation":0,"texture":"#0","tintindex":0},"south":{"uv":[8.125,7.0,8.25,7.0625],"rotation":0,"texture":"#0","tintindex":0},"up":{"uv":[8.25,7.125,8.125,7.0625],"rotation":0,"texture":"#0","tintindex":0},"west":{"uv":[2.25,8.3125,2.3125,8.375],"rotation":0,"texture":"#0","tintindex":0}}},{"name":"cube","from":[7.598,-1.3464999,6.718625],"to":[8.804,-1.1455002,8.326625],"rotation":{"angle":-22.5,"axis":"y","origin":[8.201,-0.91100025,7.522625]},"faces":{"down":{"uv":[7.75,6.6875,7.625,6.875],"rotation":0,"texture":"#0","tintindex":0},"east":{"uv":[8.0,0.375,8.1875,0.4375],"rotation":0,"texture":"#0","tintindex":0},"north":{"uv":[8.125,7.25,8.25,7.3125],"rotation":0,"texture":"#0","tintindex":0},"south":{"uv":[7.3125,8.125,7.4375,8.1875],"rotation":0,"texture":"#0","tintindex":0},"up":{"uv":[7.75,6.6875,7.625,6.5],"rotation":0,"texture":"#0","tintindex":0},"west":{"uv":[0.9375,8.0,1.125,8.0625],"rotation":0,"texture":"#0","tintindex":0}}},{"name":"cube","from":[7.7211785,-3.2760997,6.5490675],"to":[8.605578,-2.673099,8.358068],"rotation":{"angle":0.0,"axis":"x","origin":[8.382505,-3.047449,7.2115107]},"faces":{"down":{"uv":[0.875,8.0,0.8125,8.1875],"rotation":0,"texture":"#0","tintindex":0},"east":{"uv":[1.125,8.0,1.3125,8.0625],"rotation":0,"texture":"#0","tintindex":0},"north":{"uv":[8.3125,2.25,8.375,2.3125],"rotation":0,"texture":"#0","tintindex":0},"south":{"uv":[2.3125,8.3125,2.375,8.375],"rotation":0,"texture":"#0","tintindex":0},"up":{"uv":[0.8125,8.1875,0.75,8.0],"rotation":0,"texture":"#0","tintindex":0},"west":{"uv":[1.3125,8.0,1.5,8.0625],"rotation":0,"texture":"#0","tintindex":0}}},{"name":"cube","from":[7.9567337,-3.6295438,7.674668],"to":[9.363734,-2.9863448,8.277668],"rotation":{"angle":22.5,"axis":"z","origin":[8.997374,-3.1363502,7.9761677]},"faces":{"down":{"uv":[8.25,7.4375,8.125,7.5],"rotation":0,"texture":"#0","tintindex":0},"east":{"uv":[8.3125,2.3125,8.375,2.375],"rotation":0,"texture":"#0","tintindex":0},"north":{"uv":[8.125,7.3125,8.25,7.375],"rotation":0,"texture":"#0","tintindex":0},"south":{"uv":[8.125,7.375,8.25,7.4375],"rotation":0,"texture":"#0","tintindex":0},"up":{"uv":[7.5625,8.1875,7.4375,8.125],"rotation":0,"texture":"#0","tintindex":0},"west":{"uv":[2.375,8.3125,2.4375,8.375],"rotation":0,"texture":"#0","tintindex":0}}},{"name":"cube","from":[8.984352,-3.3443432,7.775468],"to":[9.547152,-2.138342,8.217668],"rotation":{"angle":-22.5,"axis":"z","origin":[9.265753,-3.3413424,8.056568]},"faces":{"down":{"uv":[2.5,8.3125,2.4375,8.375],"rotation":0,"texture":"#0","tintindex":0},"east":{"uv":[6.1875,8.125,6.25,8.25],"rotation":0,"texture":"#0","tintindex":0},"north":{"uv":[5.75,8.125,5.8125,8.25],"rotation":0,"texture":"#0","tintindex":0},"south":{"uv":[7.5625,8.125,7.625,8.25],"rotation":0,"texture":"#0","tintindex":0},"up":{"uv":[8.375,2.4375,8.3125,2.375],"rotation":0,"texture":"#0","tintindex":0},"west":{"uv":[7.625,8.125,7.6875,8.25],"rotation":0,"texture":"#0",