{"textures":{"0":"modelengine:entity/reaper"},"elements":[{"name":"cube","from":[7.8794,-0.34150052,12.547625],"to":[7.8794,1.4675004,14.155625],"rotation":{"angle":0.0,"axis":"x","origin":[1.9699997,17.648003,7.388625]},"faces":{"down":{"uv":[0.0,0.0,0.0,0.1875],"rotation":0,"texture":"#0","tintindex":0},"east":{"uv":[7.4375,3.125,7.625,3.3125],"rotation":0,"texture":"#0","tintindex":0},"north":{"uv":[0.0,0.0,0.0,0.1875],"rotation":0,"texture":"#0","tintindex":0},"south":{"uv":[0.0,0.0,0.0,0.1875],"rotation":0,"texture":"#0","tintindex":0},"up":{"uv":[0.0,0.1875,0.0,0.0],"rotation":0,"texture":"#0","tintindex":0},"west":{"uv":[7.4375,3.6875,7.625,3.875],"rotation":0,"texture":"#0","tintindex":0}}},{"name":"cube","from":[7.397,3.8795009,10.939625],"to":[8.402,4.6835,12.547625],"rotation":{"angle":0.0,"axis":"x","origin":[1.9699997,17.648003,7.388625]},"faces":{"down":{"uv":[7.75,2.3125,7.625,2.5],"rotation":0,"texture":"#0","tintindex":0},"east":{"uv":[7.9375,5.75,8.125,5.8125],"rotation":0,"texture":"#0","tintindex":0},"north":{"uv":[8.125,1.3125,8.25,1.375],"rotation":0,"texture":"#0","tintindex":0},"south":{"uv":[1.375,8.125,1.5,8.1875],"rotation":0,"texture":"#0","tintindex":0},"up":{"uv":[7.75,1.6875,7.625,1.5],"rotation":0,"texture":"#0","tintindex":0},"west":{"uv":[5.8125,7.9375,6.0,8.0],"rotation":0,"texture":"#0","tintindex":0}}},{"name":"cube","from":[7.598,-0.34150052,10.939625],"to":[8.201,3.8795009,12.547625],"rotation":{"angle":0.0,"axis":"x","origin":[1.9699997,17.648003,7.388625]},"faces":{"down":{"uv":[6.125,7.9375,6.0625,8.125],"rotation":0,"texture":"#0","tintindex":0},"east":{"uv":[6.3125,6.625,6.5,7.0625],"rotation":0,"texture":"#0","tintindex":0},"north":{"uv":[7.1875,7.5,7.25,7.9375],"rotation":0,"texture":"#0","tintindex":0},"south":{"uv":[7.25,7.5,7.3125,7.9375],"rotation":0,"texture":"#0","tintindex":0},"up":{"uv":[6.0625,8.125,6.0,7.9375],"rotation":0,"texture":"#0","tintindex":0},"west":{"uv":[6.5,6.625,6.6875,7.0625],"rotation":0,"texture":"#0","tintindex":0}}},{"name":"cube","from":[6.995,3.8795009,9.331625],"to":[9.005,7.0955,10.939625],"rotation":{"angle":0.0,"axis":"x","origin":[1.9699997,17.648003,7.388625]},"faces":{"down":{"uv":[3.25,7.4375,3.0625,7.625],"rotation":0,"texture":"#0","tintindex":0},"east":{"uv":[7.0625,1.5625,7.25,1.875],"rotation":0,"texture":"#0","tintindex":0},"north":{"uv":[1.5625,7.0625,1.75,7.375],"rotation":0,"texture":"#0","tintindex":0},"south":{"uv":[7.0625,2.625,7.25,2.9375],"rotation":0,"texture":"#0","tintindex":0},"up":{"uv":[7.625,1.6875,7.4375,1.5],"rotation":0,"texture":"#0","tintindex":0},"west":{"uv":[2.6875,7.0625,2.875,7.375],"rotation":0,"texture":"#0","tintindex":0}}},{"name":"cube","from":[7.196,-0.34150052,9.331625],"to":[8.603001,3.8795009,10.939625],"rotation":{"angle":0.0,"axis":"x","origin":[1.9699997,17.648003,7.388625]},"faces":{"down":{"uv":[4.375,7.625,4.25,7.8125],"rotation":0,"texture":"#0","tintindex":0},"east":{"uv":[5.25,6.5625,5.4375,7.0],"rotation":0,"texture":"#0","tintindex":0},"north":{"uv":[0.9375,7.1875,1.0625,7.625],"rotation":0,"texture":"#0","tintindex":0},"south":{"uv":[7.1875,1.875,7.3125,2.3125],"rotation":0,"texture":"#0","tintindex":0},"up":{"uv":[7.75,4.25,7.625,4.0625],"rotation":0,"texture":"#0","tintindex":0},"west":{"uv":[6.625,5.625,6.8125,6.0625],"rotation":0,"texture":"#0","tintindex":0}}},{"name":"cube","from":[6.7939997,3.8795009,6.718625],"to":[9.206,7.8995004,9.331625],"rotation":{"angle":0.0,"axis":"x","origin":[1.9699997,17.648003,7.388625]},"faces":{"down":{"uv":[2.25,6.9375,2.0,7.1875],"rotation":0,"texture":"#0","tintindex":0},"east":{"uv":[6.3125,2.5,6.5625,2.9375],"rotation":0,"texture":"#0","tintindex":0},"north":{"uv":[6.25,0.8125,6.5,1.25],"rotation":0,"texture":"#0","tintindex":0},"south":{"uv":[5.8125,6.3125,6.0625,6.75],"rotation":0,"texture":"#0","tintindex":0},"up":{"uv":[7.1875,2.125,6.9375,1.875],"rotation":0,"texture":"#0","tintindex":0},"west":{"uv":[4.375,6.375,4.625,6.8125],"rotation":0,"texture":"#0","tintindex":0}}},{"name":"cube","from":[6.7939997,-0.34150052,6.718625],"to":[8.804,3.8795009,9.331625],"rotation":{"angle":0.0,"axis":"x","origin":[1.9699997,17.648003,7.388625]},"faces":{"down":{"uv":[0.5625,7.25,0.375,7.5],"rotation":0,"texture":"#0","tintindex":0},"east":{"uv":[6.375,5.75,6.625,6.1875],"rotation":0,"texture":"#0","tintindex":0},"north":{"uv":[4.875,6.5625,5.0625,7.0],"rotation":0,"texture":"#0","tintindex":0},"south":{"uv":[5.0625,6.5625,5.25,7.0],"rotation":0,"texture":"#0","tintindex":0},"up":{"uv":[0.375,7.5,0.1875,7.25],"rotation":0,"texture":"#0","tintindex":0},"west":{"uv":[6.4375,1.25,6.6875,1.6875],"rotation":0,"texture":"#0","tintindex":0}}},{"name":"cube","from":[7.196,-1.1455002,6.718625],"to":[8.402,-0.34150052,7.321625],"rotation":{"angle":22.5,"axis":"y","origin":[7.799,-0.91100025,7.522625]},"faces":{"down":{"uv":[8.25,1.9375,8.125,2.0],"rotation":0,"texture":"#0","tintindex":0},"east":{"uv":[6.5,8.25,6.5625,8.3125],"rotation":0,"texture":"#0","tintindex":0},"north":{"uv":[8.125,1.4375,8.25,1.5],"rotation":0,"texture":"#0","tintindex":0},"south":{"uv":[1.875,8.125,2.0,8.1875],"rotation":0,"texture":"#0","tintindex":0},"up":{"uv":[8.25,1.9375,8.125,1.875],"rotation":0,"texture":"#0","tintindex":0},"west":{"uv":[8.25,6.5,8.3125,6.5625],"rotation":0,"texture":"#0","tintindex":0}}},{"name":"cube","from":[7.196,-1.3464999,6.718625],"to":[8.402,-1.1455002,8.326626],"rotation":{"angle":22.5,"axis":"y","origin":[7.799,-0.91100025,7.522625]},"faces":{"down":{"uv":[7.75,3.875,7.625,4.0625],"rotation":0,"texture":"#0","tintindex":0},"east":{"uv":[7.9375,5.8125,8.125,5.875],"rotation":0,"texture":"#0","tintindex":0},"north":{"uv":[8.125,2.25,8.25,2.3125],"rotation":0,"texture":"#0","tintindex":0},"south":{"uv":[8.125,2.3125,8.25,2.375],"rotation":0,"texture":"#0","tintindex":0},"up":{"uv":[7.75,3.875,7.625,3.6875],"rotation":0,"texture":"#0","tintindex":0},"west":{"uv":[7.9375,5.875,8.125,5.9375],"rotation":0,"texture":"#0","tintindex":0}}},{"name":"cube","from":[7.196,-3.1555,6.638225],"to":[9.005,-2.5525002,7.522625],"rotation":{"angle":0.0,"axis":"x","origin":[1.9699997,19.055,7.388625]},"faces":{"down":{"uv":[8.125,6.375,7.9375,6.4375],"rotation":0,"texture":"#0","tintindex":0},"east":{"uv":[6.625,8.25,6.6875,8.3125],"rotation":0,"texture":"#0","tintindex":0},"north":{"uv":[7.9375,6.0,8.125,6.0625],"rotation":0,"texture":"#0","tintindex":0},"south":{"uv":[7.9375,6.0625,8.125,6.125],"rotation":0,"texture":"#0","tintindex":0},"up":{"uv":[6.3125,8.0,6.125,7.9375],"rotation":0,"texture":"#0","tintindex":0},"west":{"uv":[8.25,6.625,8.3125,6.6875],"rotation":0,"texture":"#0","tintindex":0}}},{"name":"cube","from":[8.3216,-4.2945485,6.9989185],"to":[8.9246,-2.8875499,7.6421185],"rotation":{"angle":-22.5,"axis":"x","origin":[8.6231,-3.9281888,7.4921117]},"faces":{"down":{"uv":[8.3125,7.125,8.25,7.1875],"rotation":0,"texture":"#0","tintindex":0},"east":{"uv":[2.375,8.125,2.4375,8.25],"rotation":0,"texture":"#0","tintindex":0},"north":{"uv":[1.25,8.125,1.3125,8.25],"rotation":0,"texture":"#0","tintindex":0},"south":{"uv":[8.125,2.375,8.1875,2.5],"rotation":0,"texture":"#0","tintindex":0},"up":{"uv":[7.1875,8.3125,7.125,8.25],"rotation":0,"texture":"#0","tintindex":0},"west":{"uv":[2.4375,8.125,2.5,8.25],"rotation":0,"texture":"#0","tintindex":0}}},{"name":"cube","from":[8.402,-4.4553986,7.1766605],"to":[8.8442,-3.8925986,8.382661],"rotation":{"angle":0.0,"axis":"x","origin":[8.6231,-3.9281888,7.4921117]},"faces":{"down":{"uv":[8.1875,2.6875,8.125,2.8125],"rotation":0,"texture":"#0","tintindex":0},"east":{"uv":[2.5,8.125,2.625,8.1875],"rotation":0,"texture":"#0","tintindex":0},"north":{"uv":[7.1875,8.25,7.25,8.3125],"rotation":0,"texture":"#0","tintindex":0},"south":{"uv":[8.25,7.1875,8.3125,7.25],"rotation":0,"texture":"#0","tintindex":0},"up":{"uv":[8.1875,2.6875,8.125,2.5625],"rotation":0,"texture":"#0","tintindex":0},"west":{"uv":[8.125,2.5,8.25,2.5625],"rotation":0,"texture":"#0",