{"textures":{"0":"modelengine:entity/reaper"},"elements":[{"name":"cube","from":[5.5879993,8.9045,6.325],"to":[8.0,9.7085,9.742001],"rotation":{"angle":0.0,"axis":"x","origin":[12.824,8.402001,7.799]},"faces":{"down":{"uv":[2.125,6.5625,1.875,6.9375],"rotation":0,"texture":"#0","tintindex":0},"east":{"uv":[7.5625,6.0625,7.9375,6.125],"rotation":0,"texture":"#0","tintindex":0},"north":{"uv":[7.75,4.375,8.0,4.4375],"rotation":0,"texture":"#0","tintindex":0},"south":{"uv":[7.75,5.6875,8.0,5.75],"rotation":0,"texture":"#0","tintindex":0},"up":{"uv":[1.3125,6.9375,1.0625,6.5625],"rotation":0,"texture":"#0","tintindex":0},"west":{"uv":[7.625,0.375,8.0,0.4375],"rotation":0,"texture":"#0","tintindex":0}}},{"name":"cube","from":[5.5879993,-1.3464999,9.541],"to":[8.0,8.9045,10.5460005],"rotation":{"angle":0.0,"axis":"x","origin":[12.824,8.402001,7.799]},"faces":{"down":{"uv":[7.75,2.6875,7.5,2.8125],"rotation":0,"texture":"#0","tintindex":0},"east":{"uv":[0.25,6.1875,0.375,7.25],"rotation":0,"texture":"#0","tintindex":0},"north":{"uv":[1.875,5.5,2.125,6.5625],"rotation":0,"texture":"#0","tintindex":0},"south":{"uv":[2.125,5.5,2.375,6.5625],"rotation":0,"texture":"#0","tintindex":0},"up":{"uv":[7.75,2.6875,7.5,2.5625],"rotation":0,"texture":"#0","tintindex":0},"west":{"uv":[0.375,6.1875,0.5,7.25],"rotation":0,"texture":"#0","tintindex":0}}},{"name":"cube","from":[4.784,-1.3464999,6.325],"to":[5.5879993,8.9045,9.742001],"rotation":{"angle":0.0,"axis":"x","origin":[12.824,8.402001,7.799]},"faces":{"down":{"uv":[7.6875,4.8125,7.625,5.1875],"rotation":0,"texture":"#0","tintindex":0},"east":{"uv":[4.9375,0.0,5.3125,1.0625],"rotation":0,"texture":"#0","tintindex":0},"north":{"uv":[6.125,6.875,6.1875,7.9375],"rotation":0,"texture":"#0","tintindex":0},"south":{"uv":[6.1875,6.875,6.25,7.9375],"rotation":0,"texture":"#0","tintindex":0},"up":{"uv":[3.25,8.0,3.1875,7.625],"rotation":0,"texture":"#0","tintindex":0},"west":{"uv":[4.9375,1.0625,5.3125,2.125],"rotation":0,"texture":"#0","tintindex":0}}},{"name":"cube","from":[5.5879993,2.6735005,5.521],"to":[8.0,8.9045,6.526],"rotation":{"angle":0.0,"axis":"x","origin":[12.824,8.402001,7.799]},"faces":{"down":{"uv":[7.75,2.9375,7.5,3.0625],"rotation":0,"texture":"#0","tintindex":0},"east":{"uv":[5.9375,6.75,6.0625,7.375],"rotation":0,"texture":"#0","tintindex":0},"north":{"uv":[3.9375,5.875,4.1875,6.5],"rotation":0,"texture":"#0","tintindex":0},"south":{"uv":[6.0,0.8125,6.25,1.4375],"rotation":0,"texture":"#0","tintindex":0},"up":{"uv":[7.75,2.9375,7.5,2.8125],"rotation":0,"texture":"#0","tintindex":0},"west":{"uv":[6.8125,2.0,6.9375,2.625],"rotation":0,"texture":"#0","tintindex":0}}},{"name":"cube","from":[5.5879993,-1.3464999,6.325],"to":[8.0,8.9045,9.742001],"rotation":{"angle":0.0,"axis":"x","origin":[12.824,8.402001,7.799]},"faces":{"down":{"uv":[6.8125,2.25,6.5625,2.625],"rotation":0,"texture":"#0","tintindex":0},"east":{"uv":[4.9375,2.125,5.3125,3.1875],"rotation":0,"texture":"#0","tintindex":0},"north":{"uv":[4.9375,5.5,5.1875,6.5625],"rotation":0,"texture":"#0","tintindex":0},"south":{"uv":[5.1875,5.5,5.4375,6.5625],"rotation":0,"texture":"#0","tintindex":0},"up":{"uv":[2.375,6.9375,2.125,6.5625],"rotation":0,"texture":"#0","tintindex":0},"west":{"uv":[4.9375,3.1875,5.3125,4.25],"rotation":0,"texture":"#0","tintindex":0}}}],"display":{"head":{"translation":[0.0,-6.4,0.0],"rotation":[0.0,0.0,0.0],"scale":[3.8095,3.8095,3.8095]}}}