{"textures":{"0":"modelengine:entity/reaper"},"elements":[{"name":"cube","from":[9.628099,7.5634146,7.311575],"to":[10.1708,7.9252152,8.035175],"rotation":{"angle":0.0,"axis":"x","origin":[8.0,6.6589146,11.653175]},"faces":{"down":{"uv":[8.3125,3.5625,8.25,3.625],"rotation":0,"texture":"#0","tintindex":0},"east":{"uv":[8.25,3.4375,8.3125,3.5],"rotation":0,"texture":"#0","tintindex":0},"north":{"uv":[3.4375,8.25,3.5,8.3125],"rotation":0,"texture":"#0","tintindex":0},"south":{"uv":[3.5,8.25,3.5625,8.3125],"rotation":0,"texture":"#0","tintindex":0},"up":{"uv":[3.625,8.3125,3.5625,8.25],"rotation":0,"texture":"#0","tintindex":0},"west":{"uv":[8.25,3.5,8.3125,3.5625],"rotation":0,"texture":"#0","tintindex":0}}},{"name":"cube","from":[9.4472,6.839814,5.864375],"to":[10.1708,7.5634146,7.311575],"rotation":{"angle":0.0,"axis":"x","origin":[8.0,6.6589146,11.653175]},"faces":{"down":{"uv":[0.375,8.125,0.3125,8.25],"rotation":0,"texture":"#0","tintindex":0},"east":{"uv":[0.0,8.125,0.125,8.1875],"rotation":0,"texture":"#0","tintindex":0},"north":{"uv":[4.3125,8.25,4.375,8.3125],"rotation":0,"texture":"#0","tintindex":0},"south":{"uv":[8.25,4.3125,8.3125,4.375],"rotation":0,"texture":"#0","tintindex":0},"up":{"uv":[0.3125,8.25,0.25,8.125],"rotation":0,"texture":"#0","tintindex":0},"west":{"uv":[0.125,8.125,0.25,8.1875],"rotation":0,"texture":"#0","tintindex":0}}},{"name":"cube","from":[9.809,7.5634146,5.864375],"to":[10.1708,7.7443137,6.5879745],"rotation":{"angle":0.0,"axis":"x","origin":[8.0,6.6589146,11.653175]},"faces":{"down":{"uv":[8.3125,5.0,8.25,5.0625],"rotation":0,"texture":"#0","tintindex":0},"east":{"uv":[8.25,4.875,8.3125,4.9375],"rotation":0,"texture":"#0","tintindex":0},"north":{"uv":[4.875,8.25,4.9375,8.3125],"rotation":0,"texture":"#0","tintindex":0},"south":{"uv":[4.9375,8.25,5.0,8.3125],"rotation":0,"texture":"#0","tintindex":0},"up":{"uv":[5.0625,8.3125,5.0,8.25],"rotation":0,"texture":"#0","tintindex":0},"west":{"uv":[8.25,4.9375,8.3125,5.0],"rotation":0,"texture":"#0","tintindex":0}}},{"name":"cube","from":[9.809,7.5634146,6.5879745],"to":[10.1708,7.9252152,7.311575],"rotation":{"angle":0.0,"axis":"x","origin":[8.0,6.6589146,11.653175]},"faces":{"down":{"uv":[8.3125,6.25,8.25,6.3125],"rotation":0,"texture":"#0","tintindex":0},"east":{"uv":[8.25,6.125,8.3125,6.1875],"rotation":0,"texture":"#0","tintindex":0},"north":{"uv":[6.125,8.25,6.1875,8.3125],"rotation":0,"texture":"#0","tintindex":0},"south":{"uv":[6.1875,8.25,6.25,8.3125],"rotation":0,"texture":"#0","tintindex":0},"up":{"uv":[6.3125,8.3125,6.25,8.25],"rotation":0,"texture":"#0","tintindex":0},"west":{"uv":[8.25,6.1875,8.3125,6.25],"rotation":0,"texture":"#0","tintindex":0}}},{"name":"cube","from":[5.8292,7.5634146,6.5879745],"to":[6.191,7.9252152,7.311575],"rotation":{"angle":0.0,"axis":"x","origin":[8.0,6.6589146,11.653175]},"faces":{"down":{"uv":[8.3125,6.4375,8.25,6.5],"rotation":0,"texture":"#0","tintindex":0},"east":{"uv":[8.25,6.3125,8.3125,6.375],"rotation":0,"texture":"#0","tintindex":0},"north":{"uv":[6.3125,8.25,6.375,8.3125],"rotation":0,"texture":"#0","tintindex":0},"south":{"uv":[6.375,8.25,6.4375,8.3125],"rotation":0,"texture":"#0","tintindex":0},"up":{"uv":[6.5,8.3125,6.4375,8.25],"rotation":0,"texture":"#0","tintindex":0},"west":{"uv":[8.25,6.375,8.3125,6.4375],"rotation":0,"texture":"#0","tintindex":0}}},{"name":"cube","from":[6.5528,6.6589146,5.502575],"to":[9.4472,7.382516,6.226175],"rotation":{"angle":0.0,"axis":"x","origin":[8.0,6.6589146,11.653175]},"faces":{"down":{"uv":[8.0,0.3125,7.6875,0.375],"rotation":0,"texture":"#0","tintindex":0},"east":{"uv":[4.375,8.25,4.4375,8.3125],"rotation":0,"texture":"#0","tintindex":0},"north":{"uv":[5.75,5.3125,6.0625,5.375],"rotation":0,"texture":"#0","tintindex":0},"south":{"uv":[7.625,3.5625,7.9375,3.625],"rotation":0,"texture":"#0","tintindex":0},"up":{"uv":[7.9375,5.8125,7.625,5.75],"rotation":0,"texture":"#0","tintindex":0},"west":{"uv":[8.25,4.375,8.3125,4.4375],"rotation":0,"texture":"#0","tintindex":0}}},{"name":"cube","from":[8.7236,7.382516,5.502575],"to":[9.4472,7.7443137,5.864375],"rotation":{"angle":0.0,"axis":"x","origin":[8.0,6.6589146,11.653175]},"faces":{"down":{"uv":[8.3125,5.1875,8.25,5.25],"rotation":0,"texture":"#0","tintindex":0},"east":{"uv":[8.25,5.0625,8.3125,5.125],"rotation":0,"texture":"#0","tintindex":0},"north":{"uv":[5.0625,8.25,5.125,8.3125],"rotation":0,"texture":"#0","tintindex":0},"south":{"uv":[5.125,8.25,5.1875,8.3125],"rotation":0,"texture":"#0","tintindex":0},"up":{"uv":[5.25,8.3125,5.1875,8.25],"rotation":0,"texture":"#0","tintindex":0},"west":{"uv":[8.25,5.125,8.3125,5.1875],"rotation":0,"texture":"#0","tintindex":0}}},{"name":"cube","from":[6.5528,7.382516,5.502575],"to":[7.2764,7.7443137,5.864375],"rotation":{"angle":0.0,"axis":"x","origin":[8.0,6.6589146,11.653175]},"faces":{"down":{"uv":[8.3125,5.4375,8.25,5.5],"rotation":0,"texture":"#0","tintindex":0},"east":{"uv":[8.25,5.3125,8.3125,5.375],"rotation":0,"texture":"#0","tintindex":0},"north":{"uv":[5.3125,8.25,5.375,8.3125],"rotation":0,"texture":"#0","tintindex":0},"south":{"uv":[5.375,8.25,5.4375,8.3125],"rotation":0,"texture":"#0","tintindex":0},"up":{"uv":[5.5,8.3125,5.4375,8.25],"rotation":0,"texture":"#0","tintindex":0},"west":{"uv":[8.25,5.375,8.3125,5.4375],"rotation":0,"texture":"#0","tintindex":0}}},{"name":"cube","from":[7.2764,7.382516,5.502575],"to":[8.7236,7.7443137,5.864375],"rotation":{"angle":0.0,"axis":"x","origin":[8.0,6.6589146,11.653175]},"faces":{"down":{"uv":[1.125,8.125,1.0,8.1875],"rotation":0,"texture":"#0","tintindex":0},"east":{"uv":[5.25,8.25,5.3125,8.3125],"rotation":0,"texture":"#0","tintindex":0},"north":{"uv":[8.125,0.5,8.25,0.5625],"rotation":0,"texture":"#0","tintindex":0},"south":{"uv":[0.875,8.125,1.0,8.1875],"rotation":0,"texture":"#0","tintindex":0},"up":{"uv":[8.25,0.9375,8.125,0.875],"rotation":0,"texture":"#0","tintindex":0},"west":{"uv":[8.25,5.25,8.3125,5.3125],"rotation":0,"texture":"#0","tintindex":0}}},{"name":"cube","from":[5.8292,6.839814,5.864375],"to":[6.5528,7.5634146,7.311575],"rotation":{"angle":0.0,"axis":"x","origin":[8.0,6.6589146,11.653175]},"faces":{"down":{"uv":[8.1875,0.75,8.125,0.875],"rotation":0,"texture":"#0","tintindex":0},"east":{"uv":[0.375,8.125,0.5,8.1875],"rotation":0,"texture":"#0","tintindex":0},"north":{"uv":[4.4375,8.25,4.5,8.3125],"rotation":0,"texture":"#0","tintindex":0},"south":{"uv":[8.25,4.4375,8.3125,4.5],"rotation":0,"texture":"#0","tintindex":0},"up":{"uv":[0.75,8.25,0.6875,8.125],"rotation":0,"texture":"#0","tintindex":0},"west":{"uv":[8.125,0.4375,8.25,0.5],"rotation":0,"texture":"#0","tintindex":0}}},{"name":"cube","from":[5.8292,7.5634146,5.864375],"to":[6.191,7.7443137,6.5879745],"rotation":{"angle":0.0,"axis":"x","origin":[8.0,6.6589146,11.653175]},"faces":{"down":{"uv":[8.3125,6.0625,8.25,6.125],"rotation":0,"texture":"#0","tintindex":0},"east":{"uv":[8.25,5.9375,8.3125,6.0],"rotation":0,"texture":"#0","tintindex":0},"north":{"uv":[5.9375,8.25,6.0,8.3125],"rotation":0,"texture":"#0","tintindex":0},"south":{"uv":[6.0,8.25,6.0625,8.3125],"rotation":0,"texture":"#0","tintindex":0},"up":{"uv":[6.125,8.3125,6.0625,8.25],"rotation":0,"texture":"#0","tintindex":0},"west":{"uv":[8.25,6.0,8.3125,6.0625],"rotation":0,"texture":"#0","tintindex":0}}},{"name":"cube","from":[5.8292,7.5634146,7.311575],"to":[6.3718996,7.9252152,8.035175],"rotation":{"angle":0.0,"axis":"x","origin":[8.0,6.6589146,11.653175]},"faces":{"down":{"uv":[8.3125,4.8125,8.25,4.875],"rotation":0,"texture":"#0","tintindex":0},"east":{"uv":[8.25,4.6875,8.3125,4.75],"rotation":0,"texture":"#0","tintindex":0},"north":{"uv":[4.6875,8.25,4.75,8.3125],"rotation":0,"texture":"#0","tintindex":0},"south":{"uv":[4.75,8.25,4.8125,8.3125],"rotation":0,"texture":"#0","tintindex":0},"up":{"uv":[4.875,8.3125,4.8125,8.25],"rotation":0,"texture":"#0","tintindex":0},"west":{"uv":[8.25,4.75,8.3125,4.8125],"rotation":0,"texture":"#0","tintindex":0}}}],"display":{"head":{"translation":[0.0,-6.4,0.0],