{"textures":{"0":"modelengine:entity/reaper"},"elements":[{"name":"cube","from":[7.196,6.2601337,7.2515817],"to":[8.804,7.8681345,8.055582],"rotation":{"angle":22.5,"axis":"x","origin":[8.0,7.265134,8.055582]},"faces":{"down":{"uv":[8.0625,0.0,7.875,0.0625],"rotation":0,"texture":"#0","tintindex":0},"east":{"uv":[7.75,7.8125,7.8125,8.0],"rotation":0,"texture":"#0","tintindex":0},"north":{"uv":[7.3125,7.0625,7.5,7.25],"rotation":0,"texture":"#0","tintindex":0},"south":{"uv":[7.1875,7.3125,7.375,7.5],"rotation":0,"texture":"#0","tintindex":0},"up":{"uv":[8.0,7.75,7.8125,7.6875],"rotation":0,"texture":"#0","tintindex":0},"west":{"uv":[7.8125,7.8125,7.875,8.0],"rotation":0,"texture":"#0","tintindex":0}}},{"name":"cube","from":[7.397,7.064134,8.055582],"to":[8.603001,7.8681345,8.859582],"rotation":{"angle":22.5,"axis":"x","origin":[8.0,7.265134,8.055582]},"faces":{"down":{"uv":[6.625,8.0,6.5,8.0625],"rotation":0,"texture":"#0","tintindex":0},"east":{"uv":[2.9375,8.1875,3.0,8.25],"rotation":0,"texture":"#0","tintindex":0},"north":{"uv":[8.0,6.25,8.125,6.3125],"rotation":0,"texture":"#0","tintindex":0},"south":{"uv":[8.0,6.3125,8.125,6.375],"rotation":0,"texture":"#0","tintindex":0},"up":{"uv":[6.5,8.0625,6.375,8.0],"rotation":0,"texture":"#0","tintindex":0},"west":{"uv":[8.1875,2.9375,8.25,3.0],"rotation":0,"texture":"#0","tintindex":0}}},{"name":"cube","from":[7.397,5.840312,7.732186],"to":[8.603001,6.644312,8.536186],"rotation":{"angle":0.0,"axis":"x","origin":[8.0,-15.063689,6.9281855]},"faces":{"down":{"uv":[6.375,8.0,6.25,8.0625],"rotation":0,"texture":"#0","tintindex":0},"east":{"uv":[2.875,8.1875,2.9375,8.25],"rotation":0,"texture":"#0","tintindex":0},"north":{"uv":[6.125,8.0,6.25,8.0625],"rotation":0,"texture":"#0","tintindex":0},"south":{"uv":[8.0,6.125,8.125,6.1875],"rotation":0,"texture":"#0","tintindex":0},"up":{"uv":[8.125,6.25,8.0,6.1875],"rotation":0,"texture":"#0","tintindex":0},"west":{"uv":[8.1875,2.875,8.25,2.9375],"rotation":0,"texture":"#0","tintindex":0}}},{"name":"cube","from":[7.196,5.036312,6.9281855],"to":[8.804,6.644312,7.732186],"rotation":{"angle":0.0,"axis":"x","origin":[8.0,-15.063689,6.9281855]},"faces":{"down":{"uv":[8.0,7.25,7.8125,7.3125],"rotation":0,"texture":"#0","tintindex":0},"east":{"uv":[7.625,7.8125,7.6875,8.0],"rotation":0,"texture":"#0","tintindex":0},"north":{"uv":[7.3125,6.6875,7.5,6.875],"rotation":0,"texture":"#0","tintindex":0},"south":{"uv":[7.3125,6.875,7.5,7.0625],"rotation":0,"texture":"#0","tintindex":0},"up":{"uv":[8.0,7.0,7.8125,6.9375],"rotation":0,"texture":"#0","tintindex":0},"west":{"uv":[7.6875,7.8125,7.75,8.0],"rotation":0,"texture":"#0","tintindex":0}}},{"name":"cube","from":[7.397,4.2323117,7.732186],"to":[8.603001,5.036312,8.536186],"rotation":{"angle":0.0,"axis":"x","origin":[8.0,-15.063689,6.9281855]},"faces":{"down":{"uv":[5.9375,8.0,5.8125,8.0625],"rotation":0,"texture":"#0","tintindex":0},"east":{"uv":[2.8125,8.1875,2.875,8.25],"rotation":0,"texture":"#0","tintindex":0},"north":{"uv":[8.0,4.1875,8.125,4.25],"rotation":0,"texture":"#0","tintindex":0},"south":{"uv":[8.0,4.375,8.125,4.4375],"rotation":0,"texture":"#0","tintindex":0},"up":{"uv":[8.125,5.75,8.0,5.6875],"rotation":0,"texture":"#0","tintindex":0},"west":{"uv":[8.1875,2.8125,8.25,2.875],"rotation":0,"texture":"#0","tintindex":0}}},{"name":"cube","from":[7.196,3.4283118,6.9281855],"to":[8.804,5.036312,7.732186],"rotation":{"angle":0.0,"axis":"x","origin":[8.0,-15.063689,6.9281855]},"faces":{"down":{"uv":[8.0,3.9375,7.8125,4.0],"rotation":0,"texture":"#0","tintindex":0},"east":{"uv":[7.0,7.8125,7.0625,8.0],"rotation":0,"texture":"#0","tintindex":0},"north":{"uv":[7.3125,5.75,7.5,5.9375],"rotation":0,"texture":"#0","tintindex":0},"south":{"uv":[7.3125,6.5,7.5,6.6875],"rotation":0,"texture":"#0","tintindex":0},"up":{"uv":[7.0625,5.5625,6.875,5.5],"rotation":0,"texture":"#0","tintindex":0},"west":{"uv":[7.8125,7.5,7.875,7.6875],"rotation":0,"texture":"#0","tintindex":0}}},{"name":"cube","from":[7.397,2.6243117,7.732186],"to":[8.603001,3.4283118,8.536186],"rotation":{"angle":0.0,"axis":"x","origin":[8.0,-15.063689,6.9281855]},"faces":{"down":{"uv":[8.125,4.125,8.0,4.1875],"rotation":0,"texture":"#0","tintindex":0},"east":{"uv":[2.75,8.1875,2.8125,8.25],"rotation":0,"texture":"#0","tintindex":0},"north":{"uv":[7.625,2.5,7.75,2.5625],"rotation":0,"texture":"#0","tintindex":0},"south":{"uv":[8.0,3.1875,8.125,3.25],"rotation":0,"texture":"#0","tintindex":0},"up":{"uv":[8.125,3.3125,8.0,3.25],"rotation":0,"texture":"#0","tintindex":0},"west":{"uv":[8.1875,2.75,8.25,2.8125],"rotation":0,"texture":"#0","tintindex":0}}},{"name":"cube","from":[7.196,1.8203115,6.9281855],"to":[8.804,3.4283118,7.732186],"rotation":{"angle":0.0,"axis":"x","origin":[8.0,-15.063689,6.9281855]},"faces":{"down":{"uv":[7.0625,3.1875,6.875,3.25],"rotation":0,"texture":"#0","tintindex":0},"east":{"uv":[7.8125,6.75,7.875,6.9375],"rotation":0,"texture":"#0","tintindex":0},"north":{"uv":[6.25,1.25,6.4375,1.4375],"rotation":0,"texture":"#0","tintindex":0},"south":{"uv":[7.3125,5.5625,7.5,5.75],"rotation":0,"texture":"#0","tintindex":0},"up":{"uv":[6.6875,5.1875,6.5,5.125],"rotation":0,"texture":"#0","tintindex":0},"west":{"uv":[6.9375,7.8125,7.0,8.0],"rotation":0,"texture":"#0","tintindex":0}}},{"name":"cube","from":[7.598,1.4310911,8.209421],"to":[8.402,2.2350912,9.01342],"rotation":{"angle":-22.5,"axis":"x","origin":[7.799,0.8280904,8.209421]},"faces":{"down":{"uv":[8.25,2.6875,8.1875,2.75],"rotation":0,"texture":"#0","tintindex":0},"east":{"uv":[8.1875,2.5625,8.25,2.625],"rotation":0,"texture":"#0","tintindex":0},"north":{"uv":[2.5625,8.1875,2.625,8.25],"rotation":0,"texture":"#0","tintindex":0},"south":{"uv":[2.625,8.1875,2.6875,8.25],"rotation":0,"texture":"#0","tintindex":0},"up":{"uv":[2.75,8.25,2.6875,8.1875],"rotation":0,"texture":"#0","tintindex":0},"west":{"uv":[8.1875,2.625,8.25,2.6875],"rotation":0,"texture":"#0","tintindex":0}}},{"name":"cube","from":[7.397,0.62709093,7.4054203],"to":[8.603001,2.2350912,8.209421],"rotation":{"angle":-22.5,"axis":"x","origin":[7.799,0.8280904,8.209421]},"faces":{"down":{"uv":[6.8125,5.5625,6.6875,5.625],"rotation":0,"texture":"#0","tintindex":0},"east":{"uv":[7.0625,3.375,7.125,3.5625],"rotation":0,"texture":"#0","tintindex":0},"north":{"uv":[6.0,1.4375,6.125,1.625],"rotation":0,"texture":"#0","tintindex":0},"south":{"uv":[6.3125,2.9375,6.4375,3.125],"rotation":0,"texture":"#0","tintindex":0},"up":{"uv":[4.3125,5.6875,4.1875,5.625],"rotation":0,"texture":"#0","tintindex":0},"west":{"uv":[4.3125,7.8125,4.375,8.0],"rotation":0,"texture":"#0","tintindex":0}}},{"name":"cube","from":[7.799,0.27584195,8.53844],"to":[8.201,1.0798421,9.34244],"rotation":{"angle":-45.0,"axis":"x","origin":[8.201,0.47684145,8.53844]},"faces":{"down":{"uv":[2.5625,8.1875,2.5,8.25],"rotation":0,"texture":"#0","tintindex":0},"east":{"uv":[8.1875,1.1875,8.25,1.25],"rotation":0,"texture":"#0","tintindex":0},"north":{"uv":[8.1875,0.8125,8.25,0.875],"rotation":0,"texture":"#0","tintindex":0},"south":{"uv":[8.1875,1.375,8.25,1.4375],"rotation":0,"texture":"#0","tintindex":0},"up":{"uv":[8.25,2.25,8.1875,2.1875],"rotation":0,"texture":"#0","tintindex":0},"west":{"uv":[8.1875,2.0,8.25,2.0625],"rotation":0,"texture":"#0","tintindex":0}}},{"name":"cube","from":[7.598,-0.5281582,7.7344403],"to":[8.402,1.0798421,8.53844],"rotation":{"angle":-45.0,"axis":"x","origin":[8.201,0.47684145,8.53844]},"faces":{"down":{"uv":[7.25,2.5625,7.1875,2.625],"rotation":0,"texture":"#0","tintindex":0},"east":{"uv":[6.4375,1.6875,6.5,1.875],"rotation":0,"texture":"#0","tintindex":0},"north":{"uv":[1.0625,5.6875,1.125,5.875],"rotation":0,"texture":"#0","tintindex":0},"south":{"uv":[6.4375,4.375,6.5,4.5625],"rotation":0,"texture":"#0","tintindex":0},"up":{"uv":[4.9375,6.5625,4.875,6.5],"rotation":0,"texture":"#0","tintindex":0},"west":{"uv":[7.0,0.9375,7.0625,1.125],"rotation":0,"texture":"#0","tintindex":0}}}],"display":{"head":{"translation":[0.0,-6.4,0.0],"rotation":[0.0,0.0,0.0],