{"textures":{"0":"modelengine:entity/reaper"},"elements":[{"name":"cube","from":[7.204273,9.127349,18.296558],"to":[8.688673,10.630349,20.105556],"rotation":{"angle":0.0,"axis":"x","origin":[7.946473,9.878849,19.201057]},"faces":{"down":{"uv":[1.0625,8.1875,1.0,8.3125],"rotation":0,"texture":"#0","tintindex":0},"east":{"uv":[7.8125,2.8125,7.9375,2.9375],"rotation":0,"texture":"#0","tintindex":0},"north":{"uv":[0.875,8.1875,0.9375,8.3125],"rotation":0,"texture":"#0","tintindex":0},"south":{"uv":[0.9375,8.1875,1.0,8.3125],"rotation":0,"texture":"#0","tintindex":0},"up":{"uv":[8.25,1.0625,8.1875,0.9375],"rotation":0,"texture":"#0","tintindex":0},"west":{"uv":[3.5625,7.8125,3.6875,7.9375],"rotation":0,"texture":"#0","tintindex":0}}},{"name":"cube","from":[7.3542733,8.37435,15.437557],"to":[8.554273,9.577349,18.746557],"rotation":{"angle":0.0,"axis":"x","origin":[7.2656,7.703,7.85]},"faces":{"down":{"uv":[7.3125,3.375,7.625,3.5],"rotation":0,"texture":"#0","tintindex":0},"east":{"uv":[7.3125,3.375,7.625,3.5],"rotation":0,"texture":"#0","tintindex":0},"north":{"uv":[7.3125,3.375,7.625,3.5],"rotation":0,"texture":"#0","tintindex":0},"south":{"uv":[7.3125,3.375,7.625,3.5],"rotation":0,"texture":"#0","tintindex":0},"up":{"uv":[7.3125,3.375,7.625,3.5],"rotation":0,"texture":"#0","tintindex":0},"west":{"uv":[7.3125,3.5,7.625,3.625],"rotation":0,"texture":"#0","tintindex":0}}},{"name":"cube","from":[7.3542733,7.321349,11.687557],"to":[8.538673,8.824349,16.496557],"rotation":{"angle":0.0,"axis":"x","origin":[7.2656,7.85,7.85]},"faces":{"down":{"uv":[7.125,6.6875,7.0,7.1875],"rotation":0,"texture":"#0","tintindex":0},"east":{"uv":[6.5625,2.625,7.0625,2.8125],"rotation":0,"texture":"#0","tintindex":0},"north":{"uv":[7.75,0.9375,7.875,1.125],"rotation":0,"texture":"#0","tintindex":0},"south":{"uv":[7.75,1.125,7.875,1.3125],"rotation":0,"texture":"#0","tintindex":0},"up":{"uv":[7.125,6.6875,7.0,6.1875],"rotation":0,"texture":"#0","tintindex":0},"west":{"uv":[6.5625,3.375,7.0625,3.5625],"rotation":0,"texture":"#0","tintindex":0}}},{"name":"cube","from":[7.5042734,7.6213493,-4.212443],"to":[8.388674,8.524349,16.196558],"rotation":{"angle":0.0,"axis":"x","origin":[7.2656,7.85,7.85]},"faces":{"down":{"uv":[2.6875,6.0625,2.625,8.1875],"rotation":0,"texture":"#0","tintindex":0},"east":{"uv":[5.3125,3.6875,7.4375,3.8125],"rotation":0,"texture":"#0","tintindex":0},"north":{"uv":[0.1875,8.1875,0.25,8.3125],"rotation":0,"texture":"#0","tintindex":0},"south":{"uv":[0.625,8.1875,0.6875,8.3125],"rotation":0,"texture":"#0","tintindex":0},"up":{"uv":[1.875,8.0,1.8125,5.875],"rotation":0,"texture":"#0","tintindex":0},"west":{"uv":[5.3125,3.8125,7.4375,3.9375],"rotation":0,"texture":"#0","tintindex":0}}},{"name":"cube","from":[7.864273,13.568608,-0.8642597],"to":[8.028673,14.777608,0.63874054],"rotation":{"angle":-22.5,"axis":"x","origin":[7.946473,14.323108,0.4872408]},"faces":{"down":{"uv":[5.25,8.0,5.1875,8.1875],"rotation":0,"texture":"#0","tintindex":0},"east":{"uv":[7.625,7.625,7.8125,7.75],"rotation":0,"texture":"#0","tintindex":0},"north":{"uv":[1.1875,8.1875,1.25,8.3125],"rotation":0,"texture":"#0","tintindex":0},"south":{"uv":[1.3125,8.1875,1.375,8.3125],"rotation":0,"texture":"#0","tintindex":0},"up":{"uv":[5.1875,8.1875,5.125,8.0],"rotation":0,"texture":"#0","tintindex":0},"west":{"uv":[7.6875,0.0,7.875,0.125],"rotation":0,"texture":"#0","tintindex":0}}},{"name":"cube","from":[7.804273,11.519092,-1.9038329],"to":[8.088674,14.222093,-0.094833374],"rotation":{"angle":45.0,"axis":"x","origin":[7.946473,13.470592,-0.9993334]},"faces":{"down":{"uv":[4.75,8.0,4.6875,8.1875],"rotation":0,"texture":"#0","tintindex":0},"east":{"uv":[7.125,3.375,7.3125,3.6875],"rotation":0,"texture":"#0","tintindex":0},"north":{"uv":[7.75,2.625,7.8125,2.9375],"rotation":0,"texture":"#0","tintindex":0},"south":{"uv":[7.75,3.6875,7.8125,4.0],"rotation":0,"texture":"#0","tintindex":0},"up":{"uv":[4.6875,8.1875,4.625,8.0],"rotation":0,"texture":"#0","tintindex":0},"west":{"uv":[7.1875,0.375,7.375,0.6875],"rotation":0,"texture":"#0","tintindex":0}}},{"name":"cube","from":[7.654273,8.629663,-3.834488],"to":[8.238673,12.532662,-2.025487],"rotation":{"angle":22.5,"axis":"x","origin":[7.946473,10.581163,-2.9299884]},"faces":{"down":{"uv":[4.625,8.0,4.5625,8.1875],"rotation":0,"texture":"#0","tintindex":0},"east":{"uv":[6.6875,6.5,6.875,6.9375],"rotation":0,"texture":"#0","tintindex":0},"north":{"uv":[2.9375,7.5625,3.0,8.0],"rotation":0,"texture":"#0","tintindex":0},"south":{"uv":[3.0,7.5625,3.0625,8.0],"rotation":0,"texture":"#0","tintindex":0},"up":{"uv":[4.5625,8.1875,4.5,8.0],"rotation":0,"texture":"#0","tintindex":0},"west":{"uv":[6.75,0.375,6.9375,0.8125],"rotation":0,"texture":"#0","tintindex":0}}},{"name":"cube","from":[7.654273,11.067267,-5.3172274],"to":[8.238673,12.720268,-4.408226],"rotation":{"angle":0.0,"axis":"x","origin":[7.946473,12.118768,-4.6377273]},"faces":{"down":{"uv":[8.25,1.5,8.1875,1.625],"rotation":0,"texture":"#0","tintindex":0},"east":{"uv":[0.0625,7.6875,0.1875,7.875],"rotation":0,"texture":"#0","tintindex":0},"north":{"uv":[5.25,8.0,5.3125,8.1875],"rotation":0,"texture":"#0","tintindex":0},"south":{"uv":[5.375,8.0,5.4375,8.1875],"rotation":0,"texture":"#0","tintindex":0},"up":{"uv":[1.5625,8.3125,1.5,8.1875],"rotation":0,"texture":"#0","tintindex":0},"west":{"uv":[7.6875,0.125,7.8125,0.3125],"rotation":0,"texture":"#0","tintindex":0}}},{"name":"cube","from":[7.654273,9.321938,-5.328101],"to":[8.238673,11.424937,-3.9691014],"rotation":{"angle":-22.5,"axis":"x","origin":[7.946473,11.2734375,-4.423601]},"faces":{"down":{"uv":[1.5,8.1875,1.4375,8.3125],"rotation":0,"texture":"#0","tintindex":0},"east":{"uv":[5.0,7.5,5.125,7.75],"rotation":0,"texture":"#0","tintindex":0},"north":{"uv":[3.6875,7.8125,3.75,8.0625],"rotation":0,"texture":"#0","tintindex":0},"south":{"uv":[7.8125,3.6875,7.875,3.9375],"rotation":0,"texture":"#0","tintindex":0},"up":{"uv":[1.4375,8.3125,1.375,8.1875],"rotation":0,"texture":"#0","tintindex":0},"west":{"uv":[5.125,7.5,5.25,7.75],"rotation":0,"texture":"#0","tintindex":0}}},{"name":"cube","from":[7.3542733,7.321349,-2.7124429],"to":[8.538673,8.824349,2.0965571],"rotation":{"angle":0.0,"axis":"x","origin":[7.2656,7.85,7.85]},"faces":{"down":{"uv":[5.375,7.0,5.25,7.5],"rotation":0,"texture":"#0","tintindex":0},"east":{"uv":[6.0625,3.5,6.5625,3.6875],"rotation":0,"texture":"#0","tintindex":0},"north":{"uv":[7.6875,4.8125,7.8125,5.0],"rotation":0,"texture":"#0","tintindex":0},"south":{"uv":[7.6875,5.0,7.8125,5.1875],"rotation":0,"texture":"#0","tintindex":0},"up":{"uv":[5.25,7.5,5.125,7.0],"rotation":0,"texture":"#0","tintindex":0},"west":{"uv":[6.5,0.9375,7.0,1.125],"rotation":0,"texture":"#0","tintindex":0}}},{"name":"cube","from":[8.688673,7.6213493,-3.9124427],"to":[8.973073,8.524349,-3.3034434],"rotation":{"angle":0.0,"axis":"x","origin":[7.25,7.85,7.85]},"faces":{"down":{"uv":[3.875,8.3125,3.8125,8.375],"rotation":0,"texture":"#0","tintindex":0},"east":{"uv":[2.0,8.1875,2.0625,8.3125],"rotation":0,"texture":"#0","tintindex":0},"north":{"uv":[1.9375,8.1875,2.0,8.3125],"rotation":0,"texture":"#0","tintindex":0},"south":{"uv":[2.0625,8.1875,2.125,8.3125],"rotation":0,"texture":"#0","tintindex":0},"up":{"uv":[8.375,3.8125,8.3125,3.75],"rotation":0,"texture":"#0","tintindex":0},"west":{"uv":[2.125,8.1875,2.1875,8.3125],"rotation":0,"texture":"#0","tintindex":0}}},{"name":"cube","from":[7.204273,7.021349,-4.512443],"to":[8.688673,9.12435,-2.703443],"rotation":{"angle":0.0,"axis":"x","origin":[7.2656,7.85,7.85]},"faces":{"down":{"uv":[7.75,7.3125,7.625,7.5],"rotation":0,"texture":"#0","tintindex":0},"east":{"uv":[7.25,3.9375,7.4375,4.1875],"rotation":0,"texture":"#0","tintindex":0},"north":{"uv":[2.375,7.5,2.5,7.75],"rotation":0,"texture":"#0","tintindex":0},"south":{"uv":[4.875,7.5,5.0,7.75],"rotation":0,"texture":"#0","tintindex":0},"up":{"uv":[7.0625,7.8125,6.9375,7.625],"rotation":0,"texture":"#0","tintindex":0},"west":{"uv":[7.25,4.1875,7.4375,4.4375],